<?xml version="1.0" encoding="utf-8"?>
<access component="com_djevents">
	<section name="component">
		<action name="core.admin" title="JACTION_ADMIN" description="JACTION_ADMIN_COMPONENT_DESC" />
		<action name="core.manage" title="JACTION_MANAGE" description="JACTION_MANAGE_COMPONENT_DESC" />
		<action name="core.create" title="JACTION_CREATE" description="JACTION_CREATE_COMPONENT_DESC" />
		<action name="core.delete" title="JACTION_DELETE" description="JACTION_DELETE_COMPONENT_DESC" />
		<action name="core.edit" title="JACTION_EDIT" description="JACTION_EDIT_COMPONENT_DESC" />
		<action name="core.edit.own" title="JACTION_EDITOWN" description="JACTION_EDITOWN_COMPONENT_DESC" />
		<action name="core.edit.state" title="JACTION_EDITSTATE" description="JACTION_EDITSTATE_COMPONENT_DESC" />
		
		<action name="event.create" title="COM_DJEVENTS_ACL_EVENT_CREATE" description="COM_DJEVENTS_ACL_EVENT_CREATE_DESC" />
		<action name="event.edit.own" title="COM_DJEVENTS_ACL_EVENT_EDIT_OWN" description="COM_DJEVENTS_ACL_EVENT_EDIT_OWN_DESC" />
		<action name="event.delete.own" title="COM_DJEVENTS_ACL_EVENT_DELETE_OWN" description="COM_DJEVENTS_ACL_EVENT_DELETE_OWN_DESC" />
		<action name="event.autopublish" title="COM_DJEVENTS_ACL_EVENT_AUTOPUBLISH" description="COM_DJEVENTS_ACL_EVENT_AUTOPUBLISH_DESC" />
	</section>
</access>