<?xml version="1.0" encoding="UTF-8"?>
<project-private xmlns="http://www.netbeans.org/ns/project-private/1">
    <editor-bookmarks xmlns="http://www.netbeans.org/ns/editor-bookmarks/2" lastBookmarkId="0"/>
    <open-files xmlns="http://www.netbeans.org/ns/projectui-open-files/2">
        <group>
            <file>file:/C:/Users/diego.figueiredo/Desktop/pkg_dj-events-AIO-1.1/mod_djevents_calendar/mod_djevents_calendar.xml</file>
            <file>file:/C:/Users/diego.figueiredo/Desktop/pkg_dj-events-AIO-1.1/mod_djevents_calendar/mod_djevents_calendar.php</file>
            <file>file:/C:/Users/diego.figueiredo/Desktop/pkg_dj-events-AIO-1.1/mod_djevents_calendar/assets/scroll-eventos.js</file>
            <file>file:/C:/Users/diego.figueiredo/Desktop/pkg_dj-events-AIO-1.1/mod_djevents_calendar/helper.php</file>
            <file>file:/C:/Users/diego.figueiredo/Desktop/pkg_dj-events-AIO-1.1/mod_djevents_calendar/tmpl/scroll-eventos.php</file>
        </group>
    </open-files>
</project-private>
